{
  "accuracy": 0.591715976331361,
  "macro_f1": 0.4132609238708264,
  "weighted_f1": 0.553851657389713,
  "f1_per_class": [
    0.0,
    0.6571056062581486,
    0.5826771653543307
  ]
}